iter	RMSE
0	0.4082333447
1	0.3924698636
2	0.38437839
3	0.3764979151
4	0.3694585472
5	0.3595580606
6	0.3505799866
7	0.3400515962
8	0.3347710808
9	0.3299876268
